Method,Etch Rate (nm/min),Diffusion Depth (nm),Surface Roughness (nm rms),Selectivity Ratio,Metal Ion Contamination (atoms/cm^2),Pit Depth (nm),Leakage Current (nA),Defect Density (defects/cm^2)
Piranha,90.6572074214038,1.5016527203551595,0.9985162966465546,54.28799777760805,474780795459.00775,3.800338072787861,6.286930193272784,60.036727498054546
Piranha,69.38407251258697,2.5592981517595614,0.6816767665162471,51.06932007133258,514174056971.16785,2.6813999785803952,8.296793868219767,52.31592076285638
Piranha,66.06855769513011,2.3724104148508682,0.8111450607020327,38.33082296482765,485415143443.5984,3.05094415376376,7.211923980421288,45.70803113345744
Piranha,65.10831315013823,2.4004926298673435,0.5832271935585284,47.268407047515936,491610875377.7632,2.139286763223449,8.526835669835426,42.94317354650413
Piranha,74.13213243824761,2.1415220277791565,0.7557073330940683,31.614206366384792,529989160624.9688,2.0223026672928555,7.71358135713527,56.89083154803181
Piranha,98.00448449616427,2.271867566400852,1.0321967810276047,55.3561033092465,520396060581.87366,4.1573235269274065,8.142655906242714,58.31570350056165
Piranha,69.90707144564736,2.034231301527178,0.5835226868798736,37.550415058856025,489282119509.73175,2.5833893013257185,8.62944638057992,61.331723537452774
Piranha,85.53219857074926,1.6748008223685755,0.7732182137157984,33.076461924149115,496598119410.1619,2.810643594125993,7.498064574860361,41.73789114000658
Piranha,82.40166003021514,2.508380244531872,0.9018492594331378,60.777527643447904,477651274381.78625,2.915465501188945,9.218993162857934,45.12493018755854
Piranha,74.81312536554206,1.883572987517223,0.7811787338374335,67.02928007703865,519829326263.9583,2.954079916314297,6.974503557672494,60.62241561747037
Piranha,67.49253856547843,1.8510330134088475,0.7280751376390403,20.84252562080004,512590345966.69025,2.5053126716794294,7.231730600711743,45.57978453762019
Piranha,63.87595443149748,1.645166958031614,0.6775498237986234,41.687663268386075,509205995884.03625,2.8206023732817322,6.946525790049741,39.02364381350389
Piranha,97.54715534048805,2.244290761795159,0.89900931466738,62.400908181040535,511546574302.56055,3.4012189248474036,8.544059844927501,52.78127622711696
Piranha,81.11193735063667,1.647318398633967,0.8726415813983636,59.750805343471264,486443387207.4225,2.624125704756224,7.748740881071825,46.28422005192224
Piranha,76.20490186570535,2.4422476995965186,0.8927724130519533,58.19564343251419,496203186176.1338,2.7083238561612637,8.380884583928346,49.53720619647038
Piranha,80.11036212956253,2.088277484444682,0.8241936426971899,38.54906881987132,515844743795.7063,2.6466009850434262,8.823238653885932,55.80271666575923
Piranha,82.06038018928967,2.2579086244003195,0.7385461355599845,52.520273069376024,492879434017.4816,2.7219474889320745,7.750108296945341,48.268880263870834
Piranha,80.0672395812445,1.5050082648123937,0.8927765636948384,34.56192488364931,497387985763.40466,3.3743946144914148,7.6310293089459025,52.26965305204361
Piranha,69.97662668905376,1.6057193103729674,0.5708555793600706,48.87711322139303,493777678991.7514,2.3603772207676914,8.245738908713454,56.4109381830214
Piranha,88.6390109496768,1.8972680464194749,0.7308797565189639,65.01347176900126,500425733176.53534,3.0385000659036296,7.4765923880540095,46.711596269531405
Piranha,78.84471961576155,1.2740379920807041,0.80359628192077,62.19251608873273,485236517199.77686,2.2497521952906965,6.590919538659587,60.79380024146108
Piranha,76.18288003024767,1.2916266616444114,0.7804172246742569,61.221344692131886,509477172825.85175,2.7665783255501637,6.85458796391914,50.44076090845797
Piranha,93.37395910228784,2.506221122986256,0.9459605763850741,29.948558897452813,497554250999.1316,3.3663033810266634,8.997345599273132,44.46809230757047
Piranha,91.13023238460362,2.4391924469462567,1.0195638026665048,37.074727769043214,470368196599.4067,4.079501888482339,8.849608646592765,46.97009774491222
Piranha,78.6056862248258,1.8838661813686353,0.8008068131878874,61.6312917338693,491633509328.41406,2.6578556997371727,8.128394082718506,52.329741275648445
Piranha,60.28925071580667,1.716068404589134,0.6698317990397327,30.951624162549365,484437657150.77185,2.5076308594809116,8.208880325330155,40.0196052376873
Piranha,76.94294097654354,2.1951129141956836,0.7777081085681488,48.09278769985037,472791867145.4968,2.3482043767632166,9.139578009081971,26.799367470479346
Piranha,96.34441099263307,1.876747036012469,0.8794793051927384,42.723262620574964,486283852595.79156,3.8724982654700697,8.273256160294395,50.01405982705686
Piranha,86.35142661629108,1.7799965658787522,0.8014934321674779,43.61646825457763,498885761696.3598,2.6531936967901926,7.3035134856014885,48.32051708162977
Piranha,88.17919676200867,2.2026818365640883,0.8791878857890216,38.33224803316569,487731646686.5453,3.6383279658337093,7.339588877433447,49.994840496928866
Piranha,64.00539287877935,1.9421799726394664,0.6845321056248271,63.76194409365402,492046372441.9293,3.0129928362669016,7.247951587346487,45.35756295766039
Piranha,85.13173768168991,2.065763355511693,0.9160782161310845,52.69102080772492,493954310967.2331,3.907478277992036,7.794252050975437,48.76931770079077
Piranha,92.89184657308914,2.3936630248949466,0.8469629817015487,41.520479326114355,501599349129.0385,3.1302263410694544,7.670155383637097,51.31445540096697
Piranha,94.00180576336656,2.377876047253413,0.9153057939554297,50.256733339170026,503011452458.2466,3.3521130591891604,8.474221866534771,55.26353107982727
Piranha,62.16366745737651,1.6236529243397269,0.6492068330490509,57.27856229080679,490511418477.9915,2.5381161676057142,7.697242625023908,44.95002448236221
Piranha,87.60907483052637,2.1387975676946347,0.8519171980704769,50.904378577675814,504180734800.5886,3.1460645917631425,8.379465503306951,54.90802676753123
Piranha,101.36511348691715,1.8136034561086087,1.0726584402145165,47.53433546876092,494488550994.9263,3.6903280838842165,7.372321697658347,50.880422582801934
Piranha,68.05088098929116,2.0878523550543147,0.7421525626480137,33.24807878630098,485068755312.4841,2.81242471931647,8.817749718210264,42.31757847832653
Piranha,78.4869868019269,2.3767092128958645,0.806417125926435,57.851467599106606,493085918385.53107,2.9814656325300404,7.850317687706481,50.99691578492338
Piranha,86.45173102799953,1.6563775700569492,0.8396969132672472,48.04046225444487,476142527603.83203,3.9329507709236537,7.604823688692295,38.71516021515788
Piranha,76.74862167806096,1.6243054357153226,0.8011490280011643,50.14634661567631,478249207249.08295,3.465381577086719,6.897170303160272,54.556918741707086
Piranha,74.63552954270172,2.2218473573090107,0.7745917597808893,47.101996955134304,476334125663.9149,2.2871961692467333,7.7109884667346345,40.895383260570775
Piranha,62.75507652788783,2.096387980686273,0.5459708368618602,48.066964924528214,502941529736.71094,2.169118165088567,8.390047627584702,54.171470108165494
Piranha,85.92427265382722,2.1638701926512445,0.7536085354074269,54.699676475576815,496835856771.7426,3.4383593402837342,8.305382597378347,53.61083519240292
Piranha,101.48808991278736,2.414694212199325,1.0527999921530957,70.97224310215104,503516110886.2947,4.38157760809507,7.960713909335029,40.1875684895399
Piranha,84.7022660834144,2.6508810092156736,0.813502429192184,55.81072013069004,483915595172.7066,3.336338090421695,9.358829313593857,45.638940813636566
Piranha,93.41862638558922,2.2134081632872933,0.8809622971439405,36.804017365754376,512986956506.42596,3.75771444100297,7.629953302205548,49.378779140970394
Piranha,82.00051773391642,2.230638394503262,1.036276175486998,34.78005058753578,506725078826.66656,3.588841788152749,7.956291876934454,45.39788561390655
Piranha,110.92712194911246,1.6132258852737897,0.998772440431299,54.58101836856181,487261227607.70624,3.70742160524573,7.2800420998774,50.292971472664796
Piranha,86.63418035769227,1.4216545765832196,0.8174232964015106,64.79493265459574,504705994370.9366,2.8540062767860213,7.965127000902968,39.356774064201105
RCA-1,15.974275433218214,1.2980646555937514,0.19204591064737642,96.62787255863465,94568198106.70737,0.8760043478419864,1.0684238484622852,9.260411234165284
RCA-1,20.645189439018253,1.228931502695116,0.31313145527765873,95.7966562922872,107247987007.27171,2.032495552292432,0.7324225512281095,15.411711006977496
RCA-1,40.513055881073996,0.9687488638562121,0.42114612257657236,79.64553271462952,86296556764.08292,1.9900555438214933,1.9581894158613147,1.3511877718698884
RCA-1,41.05466477513518,1.040371690915021,0.4486463372419345,94.54017085821465,112187534135.31683,1.2713899945919613,0.7817203554792577,11.181605131327887
RCA-1,22.466808092336308,0.7464482136109492,0.3512623932809654,105.42001733552674,98104308618.26167,0.5581461793102841,0.32367475817632324,3.4727577953157063
RCA-1,34.27086247132987,1.139111376796137,0.4370610561622933,93.27483839332574,106881075263.16798,1.5781471113883372,0.9267702118588841,5.13625654357817
RCA-1,0.0,1.0110295026292875,0.0,92.84801225162782,110839799513.53854,0.0,1.7632398191429357,11.88907662011207
RCA-1,13.618350628291171,0.5413752008907168,0.188664333723412,99.16687078148404,77080488511.4765,0.25272194609224813,0.8769273882793075,1.5415302099394168
RCA-1,13.700091658916078,1.4127176114910103,0.35739045136219766,86.39153114835216,83991040998.74762,1.0006091717689458,1.7740733712468195,8.376230107475994
RCA-1,5.4292194204303135,1.1044202565562158,0.1874432039392242,98.37986231661762,96951675312.4173,0.6105563318231537,2.413529814606486,10.948916426938611
RCA-1,9.59070330501984,1.1060882120699982,0.23386776232430934,90.16882475068792,92126019921.82788,0.7783298540730925,1.7098384394659278,16.350477792497603
RCA-1,29.607992205786562,1.2585008839908864,0.35967898219542843,105.41583378565832,86960044817.41426,1.3246268634883798,2.4749918044895103,0.45290998886735157
RCA-1,12.894831910030433,1.2164024028007066,0.1570953327664631,92.89808076922859,105572791598.2138,0.2542730674564061,1.1472263214425835,14.108004233673615
RCA-1,22.514878404525223,0.3775240616636084,0.35856993702087925,86.39707741736531,89784415300.91772,1.0040504423945273,0.0,5.839559456700474
RCA-1,22.6376702528004,1.3036540899910873,0.2016524001509635,100.29129664386654,109262771735.53212,0.4516293191177055,2.1778769185924247,21.862243901567613
RCA-1,19.54527007080562,0.6710128721836874,0.25288713483971026,93.17680845800433,100721627971.18622,0.5569442861575253,0.5653407749357642,3.384667728963452
RCA-1,6.5046741349004344,0.9351996113465029,0.12344328424103942,102.60388247862258,113662064453.09349,0.0,0.029646399693029568,6.606179392595538
RCA-1,32.032563878479515,1.57858763310696,0.3799132154961434,95.79246682710816,96942170511.59581,1.1284219086826615,2.226482886204659,6.899522512668681
RCA-1,17.323726437010794,0.7487798004079994,0.24762832854984887,106.31874301421774,98375985707.11775,0.6756538845712755,1.848873150312368,13.645909359311142
RCA-1,17.362612208787695,0.9064096865516267,0.18370715132203094,86.28573123853704,76266598552.96854,0.571161730693265,1.2928394376132486,8.388631238652625
RCA-1,11.623367425434996,1.164727865611295,0.17726896809605425,97.56055230568737,101754997972.27087,0.19681636245432738,1.2190930349520492,14.077717350323685
RCA-1,19.4362374214732,0.36195445994957015,0.342124749960466,93.73331802118888,85706589388.66145,1.2630036138600635,0.1763996393001051,8.637942875942047
RCA-1,10.599668512561044,1.227580705322362,0.29747734914548224,104.42548383123051,99927902427.19247,0.5429938949709098,2.5123115547446093,18.60441327857044
RCA-1,25.609571108106504,0.5934433346733949,0.3703209288678558,90.1561299896908,82859390372.01807,1.3661420189904687,0.0,7.061883678602508
RCA-1,27.581038727650018,0.7396860243939255,0.33056936675404347,99.05713171597763,113117860578.37306,0.9991728249527811,0.19538792777880332,27.518952466321736
RCA-1,25.97596180989627,0.694924883244544,0.33211741384294585,94.52759814502583,107389210238.206,1.0526774783467565,0.5667604953756884,0.07487856639870394
RCA-1,30.566892756372518,1.259156655873238,0.4499580353310047,100.34504514227092,123568869546.17386,1.037431910182285,0.7811411284845136,13.585849451401856
RCA-1,2.197720337894115,1.13092213332152,0.15119607507356822,99.95440896437125,108162930750.12416,0.07218342717818432,2.207253409320086,12.830097243658646
RCA-1,30.802239431712223,1.0627680689957741,0.4805703211110474,83.38774910186619,86757757149.88313,1.2733434364248666,1.2218539008288107,2.769714331267996
RCA-1,0.0,0.9161572388519509,0.009511287492547649,92.06729171857218,131222050427.53833,0.38351670658186676,1.20888280501391,19.016474922749133
RCA-1,15.298490404877787,1.4572962072678306,0.22107264561813889,98.99514947233659,100940568689.35678,0.05258237187188891,0.6500805396292455,23.094126889810234
RCA-1,19.847850508663786,0.9086699330966431,0.34562146948271477,112.19928863842627,115440394901.40079,1.0571977624546933,0.46722624732375806,21.93188893306659
RCA-1,11.671421064723233,1.1642205343687515,0.18658014409896148,110.13911584083246,78417876082.57233,0.09959408807002096,1.0555565795688842,12.685044862420366
RCA-1,0.26382440623431513,1.0743861216623483,0.1575359287082258,99.76529196890328,87701623944.12642,0.4473578044309662,0.5587996521370566,5.406581202971992
RCA-1,17.365943144987124,1.3891928751836136,0.3343709156118069,114.71290578765259,85107881986.54533,0.8199037459484209,0.39414419134785805,4.822341434313725
RCA-1,4.670332136330603,0.5563181026585834,0.1824617446509393,86.37184724444415,103984232451.57045,0.0,0.9804808445737381,3.1227693019931033
RCA-1,22.856396464225444,0.6453837188504629,0.31421722696534593,95.21523738333845,113611120625.95786,1.5459657779577802,0.22082043358618586,10.70533730546729
RCA-1,10.469604956232706,1.049074535174214,0.13248097639083461,85.68350278295922,106177286853.41222,0.032962095526467505,2.133280502898252,7.083326828862983
RCA-1,15.05708812459933,1.047494914510789,0.22100392767170265,99.29637778703493,112220365864.68188,0.7043520282930756,0.9858335985445549,8.26394867225392
RCA-1,30.678041276526805,0.9159442745543899,0.3836207015685878,95.53875631674721,93212110645.29185,1.31429862362621,1.60546524566166,16.201116105157336
RCA-1,24.648047802482196,0.3809922424084227,0.2682526274604477,107.44097240652857,123652903179.87054,0.8948451359643881,0.2512191708525311,12.48300437476123
RCA-1,29.783989984700685,0.7439181662213041,0.3402023862337546,104.05390062821489,136770539628.08331,1.3025336706325965,1.040139541174241,19.789511319170998
RCA-1,9.964440643640526,1.4551316109936008,0.2581522237237518,107.84584328843985,93232111746.1524,0.8891302231752634,1.6017511401084334,1.974785695425095
RCA-1,13.319998116734048,0.9364256654322787,0.2616769738198191,110.44926902823845,97613395521.68256,0.22056756095844793,0.1382412744423096,14.02266451707335
RCA-1,15.571644692911072,0.9788394105908886,0.28441848832628286,114.63528548443978,124803540098.2054,0.8951554902140713,0.051855425957396006,26.88741831051079
RCA-1,12.936530170836907,0.6110517199270257,0.23965721257208988,108.55774928365499,82691597822.58467,0.08369140510717521,0.8196402065869575,0.0
RCA-1,19.84275809300491,1.432025172403009,0.17785823291061703,99.00850008597,89693939064.53328,0.8662520088487161,2.349760238378697,0.0
RCA-1,19.353945315534922,1.3353594738405037,0.2825013538921449,110.2131011490242,105976229427.56778,0.9148583260664918,1.816397994860114,5.620430152617087
RCA-1,37.96484651323076,1.0054221668734562,0.5031074946923381,104.82182316489009,98689335663.75838,2.3760113308096034,2.500438676552674,5.327278818803002
RCA-1,30.280113473055245,0.9409835390311464,0.4255482864020529,88.86639918048003,98598427773.3828,1.6326931499799078,0.0,1.0893123968462355
RCA-2,28.440558377588097,1.480290857474257,0.5023502037855718,123.14379358111917,144909762050.91895,1.6599625842176347,1.606671337180831,17.924958014218724
RCA-2,45.99420348743687,0.8988166222710401,0.7147601273649651,125.9176873252029,117177302750.28415,2.8650789464127917,0.42497147880853386,5.355193901079732
RCA-2,26.636730341900847,1.1654489780899726,0.3126752383441347,111.44718129190585,82282815939.69641,0.37895199651431055,2.163320808492768,0.0
RCA-2,30.145442712133388,1.2110750500911758,0.36884979417634195,129.68164494865943,125778569657.29433,0.9713954730323053,1.1206111674266903,16.662975684432055
RCA-2,26.962742263044532,1.009085351881956,0.4172375659627996,131.58670161832066,95443161564.2387,0.7420882623078296,0.07172988782390322,7.541751698460334
RCA-2,15.999988991522262,0.9182531128667408,0.20157971193412128,121.71443513520776,137697102819.4127,0.40905496659452634,0.9901213715350642,23.767699955304828
RCA-2,35.676702766164425,1.0752976650863586,0.5180563012855585,128.42794827903228,117130057504.05714,2.335021977754049,1.4240119336876669,10.834445833710292
RCA-2,47.13417577332613,1.1567758290778591,0.5141222075249672,136.2847880824565,140383476647.58127,1.4511984967697849,1.8482077730715467,6.677914610324306
RCA-2,26.541419951295293,1.2873409120198265,0.3200172249053608,99.51515690664472,112994037839.68958,1.392539686453204,2.064791511440627,7.699677574280933
RCA-2,26.28863118636307,0.47772690131166806,0.21731632485794888,118.99518029188921,116742424762.41019,0.8458930348735006,0.0,11.80678625862166
RCA-2,10.388402455265926,1.1961085813793133,0.2638287168698154,122.54820997103567,107779525522.53612,0.30124861177326007,0.7303170007772841,14.362083708893142
RCA-2,13.131884340668105,0.611508498607854,0.09515593495662769,128.30811384247357,139168653230.4667,0.0,1.1823116648137306,19.876261294448287
RCA-2,11.862350726278722,0.8339228063677575,0.3360260621152964,117.21237799094219,122323453909.2814,0.9594707944270365,0.7636645025160076,21.03560471803557
RCA-2,24.048163480049915,0.48450506683072275,0.36750636382448043,123.31661944562889,121298385370.43768,1.1640907024342075,0.9415866815124163,17.114804133151576
RCA-2,35.63519697017436,0.6947486435069533,0.4087522669190383,130.41961227264142,130221594883.77678,1.621986714405251,1.2821558523601713,16.653790828638094
RCA-2,28.402673617186075,0.48372565997618183,0.3724043817443234,107.90718865534072,109107670152.35617,1.787661314867288,1.6538487150886705,14.289285079114832
RCA-2,21.936779241864688,1.5884104948218365,0.39684881811845535,108.59845590423603,89344471674.37518,0.9387542525758246,1.746707992148249,6.283289207008215
RCA-2,28.59225814532289,1.266870696389141,0.5075961262977847,120.80737209219214,138137661322.6159,1.6115280395931406,2.1509176415605893,15.538374311202212
RCA-2,29.729202924861887,0.6036514988302086,0.4970780142402071,109.90670131258696,130818153571.63399,1.6754171147698562,0.12739381636035385,25.85396944624381
RCA-2,25.412807939693323,1.1555958824483765,0.3914402469437333,118.45045513043482,109554683365.60172,1.2059007379383133,1.4309261024057298,2.0582909774618265
RCA-2,26.447224575504066,0.9778687570117142,0.3423123519905615,119.83016342924444,119738372197.36798,1.248183339974041,0.7845031412451066,15.0458438861174
RCA-2,22.46662448366883,1.402388949219815,0.3800607010634141,99.54217631365458,121935772467.54169,1.0063658112385427,1.278503181273571,8.016891721251149
RCA-2,42.32856810087044,0.9871473742024104,0.452460740570795,121.90536552656224,129998995361.00356,1.9874240702709225,0.2888752473480364,18.742103710763875
RCA-2,24.413471205711545,0.7266783588698665,0.30449331238308897,130.38577255959768,137891955758.91898,1.0099695492853877,1.3263962727138947,18.015559541288233
RCA-2,43.73014393433697,0.5633224761917114,0.49547080936132815,127.20042655923653,126177009033.6605,1.843464704690453,1.3443737413022947,8.424198769227434
RCA-2,21.86719684364146,1.4059597124606091,0.2159487368370984,122.72073477780873,106264493365.32185,1.076331395281668,2.2481270172591006,6.583424167522129
RCA-2,14.907969326035062,0.8334969854760517,0.24774396409979801,116.22062156113125,145356587073.40582,0.8652219988827353,0.9484960740498424,13.560561481415485
RCA-2,13.646102271591179,0.829831367916315,0.23226424394112297,132.77636181599377,96540590436.54161,0.8110738873999089,0.38538037164496314,9.623117139112058
RCA-2,38.78084323885623,1.1068839058959898,0.3719547722062404,122.28117255170996,131895816447.0352,1.9688444895841124,1.52735342088293,13.919671683533682
RCA-2,19.402553528914563,1.495666719057365,0.3702666145199037,126.1171902785747,114508067487.72723,0.546903925849476,1.0238122018928908,2.848709264508006
RCA-2,29.976410056063674,0.7413121826114484,0.36342745917659014,112.73290950070327,131105402145.68794,0.8544803198645841,0.26637072105372855,9.443190521773152
RCA-2,1.4795566370140136,0.9414505770561064,0.18815388023065419,134.41429786218436,128103359126.88817,0.1974300529055582,1.458772186696116,10.81269278882303
RCA-2,49.9558921600763,1.0855646973789699,0.5650818061871343,126.52338879263073,117142493878.6113,2.6047203312041,0.4678515822117988,18.604477897909586
RCA-2,29.709282164265232,0.9720073864962627,0.39823231954494065,102.03811635443398,135432273969.17488,1.4488032071316619,0.15580388214384366,18.52626036744011
RCA-2,26.763438041668387,1.4531927071508726,0.4514733723597115,117.29051405879981,112294808945.21872,1.3626940246651655,1.0169900272360846,3.474497425642741
RCA-2,32.00413441376592,1.2684686884253968,0.3524476058422427,100.08544973455135,110845112377.01773,1.6957505971443492,1.9924118273279428,0.0
RCA-2,21.668198277744004,1.1360345218744077,0.2566138587665657,130.6946179507442,131457273834.7321,0.45685946195426697,1.8116378832483355,10.33508224007793
RCA-2,0.0,1.3057479976372828,0.025924050833890794,136.03319418201812,111251052364.57489,0.0,0.835310500247038,13.232760201522114
RCA-2,11.667334032031528,0.448885784508935,0.230768722861963,139.1591091099434,122449779954.83794,0.1099269373242886,1.106898518035017,6.300948325567282
RCA-2,28.58324810124672,1.4990570817455273,0.5277820546265358,129.58894894679926,142093150108.83368,1.41694104963414,1.8263229046294598,25.26130246161935
RCA-2,57.77515410298793,1.1601382996150664,0.7723107303908046,115.81471611756578,120522835154.50227,2.620030090864094,1.5894450870377466,6.875694545099286
RCA-2,6.8846479417945226,1.0243111296807066,0.23117076132448655,122.15545793223303,126897428653.8076,0.5503519245614668,1.8919352240647291,20.434532476001863
RCA-2,41.00670424097805,1.6405609111726671,0.4134504081070961,135.27266581599713,123025597623.35701,1.8766562922064707,1.4530262771239832,0.0
RCA-2,39.21404446581529,1.300339814785808,0.48442649233409213,120.21654190447252,144879983857.78326,2.092914314143573,2.739255277206652,16.578480076288134
RCA-2,17.37784421713275,1.4281605764418694,0.277308899643539,116.49998002952795,111903801295.13188,0.5449417548198499,1.9874540853887086,17.38468807615052
RCA-2,15.387596644417114,1.0151590005522304,0.19645970013347155,123.32367714084452,102447197052.89174,0.7576891360820209,0.47611986459628514,14.202130239109017
RCA-2,28.832138629458797,0.5242937867448113,0.33750090839916785,127.09077808151733,130108592084.04411,1.1035682418422017,1.2031209623435906,15.01830930194696
RCA-2,17.565657533595157,1.0703064959253403,0.2870883730036942,111.57371253336842,118673891353.20671,0.9762595441849982,1.9042490187186942,7.781069914107123
RCA-2,31.71274389565981,0.9022332476949022,0.4093323530878978,114.30546619646051,117133477930.65443,1.156100946235248,0.0,16.542957291104294
RCA-2,30.07009602327634,1.0026047474850375,0.3877683033967405,128.59457134338746,135944373692.71808,1.5280195284494047,0.6554677547205244,25.760436355444718
UV/Ozone,0.4547973421135012,0.0,0.07799450496922607,219.47805857997278,48069993673.7343,0.0,0.3822117647508823,4.750778614506921
UV/Ozone,17.207434307865753,0.8029678442920691,0.3904729891488272,194.15971315924622,31841972369.179886,1.079129709242522,0.78221873074831,0.5110386319089462
UV/Ozone,2.749902508365933,0.42907416710087887,0.19045463634084897,221.71516586538695,58219370377.46111,0.44410340080793514,0.5996715553478295,16.21120153758647
UV/Ozone,9.29997968266576,0.3553173663084033,0.3817565871030394,189.03975012356676,34407024644.13701,1.121809658880641,1.3794434984275885,10.99442094623215
UV/Ozone,0.0,0.6951086607445164,0.1750285666159914,196.9927058365925,55683012543.57866,0.3867682959763314,0.25009753775790144,11.150638778571546
UV/Ozone,11.674176678149491,0.29234494852390736,0.26468855525789114,215.63420158398154,63051055994.60132,1.0260856820151645,0.0,12.857515793358862
UV/Ozone,20.875189394124963,0.7047542487009536,0.2312091787856772,211.37080974250614,56531541558.01462,0.8328216453704157,0.9165394218850204,0.3732485321363521
UV/Ozone,21.22645645193795,0.43695223149703954,0.19525972759128285,207.5342145615889,50255432893.512474,0.9324172387839929,0.14799355143202236,5.911718672025726
UV/Ozone,15.406834256302437,0.0,0.2259372911443178,219.4902709038096,57542242591.97012,0.8088860778214534,0.0,6.2702056824592445
UV/Ozone,6.643273068464371,0.5517237385631067,0.10662453748581166,206.3663805529711,66386846683.80094,0.9718075222426834,0.8704980294533686,2.9620869307876045
UV/Ozone,14.073372379509168,0.4621769177778867,0.2935138042950214,195.35670168240492,56471298243.7668,0.8407171283165571,0.0,7.57182408651222
UV/Ozone,16.803999843286846,0.16099268504411343,0.2693627892511161,211.974288360286,52789383007.02971,0.6928118342309242,0.2453172971196333,18.854044544779462
UV/Ozone,37.197227313934846,0.5943626320232822,0.3817925675504456,198.72144776590258,48031574375.323555,2.3483650036683796,0.838481320440744,2.0623192910461015
UV/Ozone,0.0,0.3934868624364245,0.22027268504737813,212.25536620206597,51413743171.1621,0.9949423171560348,1.4477926260621086,2.941294623062138
UV/Ozone,0.0,0.723517543662598,0.04191292865392934,190.161501970517,37169440894.57234,0.0,0.8875846697690363,0.0
UV/Ozone,5.420400339680592,0.1381978952856741,0.2109903676783475,190.23947811296006,51729359323.58416,0.9339813490884732,0.2673250503402435,1.6339785466714947
UV/Ozone,5.782533425247834,0.3487925909152056,0.17611594181389167,214.03085405480783,67078839244.45251,0.3473232695343356,0.26919183747478326,25.037502213470937
UV/Ozone,6.223792952288527,0.7730112204895019,0.2097951108450126,212.75183829100646,40179997077.90937,0.8606408101345386,0.7905338671920382,14.760901067721843
UV/Ozone,0.0,0.8652231066538052,0.10223799619917462,215.86271645881058,59269480949.7489,0.0,1.5266796418435375,14.065608401129513
UV/Ozone,11.172977350141982,0.19697202119156965,0.17990522067290823,190.91078973445357,65802023224.16864,0.9208911431618424,0.0,11.09276734136856
UV/Ozone,7.090046917608351,0.39383334553322624,0.21320583565354054,186.27172312931745,37784229992.68061,0.8033555455717025,0.5050726159658617,0.0
UV/Ozone,21.15468674965519,0.7676365108606353,0.22184360365992933,204.14787960188346,51171544075.74918,0.8521622248381114,0.8153597338463179,7.34863758061263
UV/Ozone,16.071683984282107,0.17093666071701336,0.36758672007098403,197.88103186541667,89355786919.62741,1.016598464340782,0.0,9.259362994112207
UV/Ozone,7.347341165252757,0.10525858275472227,0.3473178145367383,222.7293567398622,43769876386.58044,1.0802239966841678,0.39641879265804664,11.155774319220031
UV/Ozone,13.578563682388133,0.5130851801973447,0.29353391284098074,194.95503498114925,65029191604.704025,1.1852541424591214,0.0,9.983491113793846
UV/Ozone,12.05673348236035,0.4190673643930207,0.23009131761828708,211.65918331617914,39367780404.1288,0.688914471746878,0.08899696237473707,12.781195749873183
UV/Ozone,0.0,0.7550423588860704,0.0,201.73592338490172,71916711472.57637,0.0,1.1140686778340747,7.237890779906028
UV/Ozone,0.0,0.5073615939667291,0.052651983004716074,194.06306774971463,57287278892.29324,0.0,0.6767951840021492,3.6649799561699634
UV/Ozone,1.7998515030659563,0.9600840458377231,0.1420997459275972,199.064504182369,53409595238.024,0.0,0.2489293138919289,9.407365813632353
UV/Ozone,17.793451037770588,0.05432582843500208,0.21523196056657914,190.10779664340902,59027856619.83476,1.277566506675743,0.0,9.08864040443405
UV/Ozone,9.686091072424087,0.7655002455437542,0.29878586733380524,213.5067299455162,69294486687.29301,0.6979434074449176,0.7234241870430941,6.471829142896411
UV/Ozone,8.484021826438932,0.4404276864562016,0.19964830572593123,194.05975289150112,45516271595.255295,0.06084832483968383,0.12412155059728103,4.458387312874978
UV/Ozone,17.73926752077186,0.4658249898752189,0.26272976776123336,202.52097889729862,33062191012.014874,0.9958581615591621,0.0,0.0
UV/Ozone,19.684677806086036,0.10079572154032695,0.28476704343712733,180.50667301508452,38308550871.972084,1.0337886393105515,0.0,0.0
UV/Ozone,2.236282846731788,0.6222309713693335,0.3113941429824556,222.78134772038885,69436640503.34816,0.569025699417807,1.649777456508365,10.872641895526062
UV/Ozone,19.359031757171852,0.365189073168915,0.4443313321239298,192.57768626936766,30326103167.236546,1.5904466554885703,0.7917953697560364,18.72175328247504
UV/Ozone,0.0,0.2192035156427918,0.0,203.56609547092805,41047668599.52861,0.0,0.0,12.68282006069326
UV/Ozone,0.0,0.7705748343724934,0.13040041423419987,189.72643654368832,42732147303.225105,0.0,0.7105016299709046,7.6591611976407945
UV/Ozone,0.0,0.9736600083714314,0.09484992669345693,202.89950924930278,52399652043.84526,0.17301417040319486,1.3454022974739375,0.7635792100548526
UV/Ozone,0.0,0.22564939295496816,0.09171553492101285,202.41751962963946,71703342218.36462,0.051954968470495674,0.41350073336704984,10.569767592287736
UV/Ozone,15.609859472907116,0.0,0.2825752778164664,184.42840941106823,35988645106.00297,0.0,0.0,0.0
UV/Ozone,0.0,0.01762589666774156,0.1711954686261471,209.94424862697423,28390308710.294395,0.4773058875675701,0.0,4.69388586370771
UV/Ozone,14.08001268199759,0.0,0.07447746349060304,189.88715021953408,52248240748.59218,0.40016035465018546,0.0,5.407308727424673
UV/Ozone,1.7862921967404164,0.22497064051796184,0.2461859769513629,194.96797533134563,55532024606.32247,0.20849033251997734,0.11726246245506816,0.0
UV/Ozone,6.626619333578528,0.8520403074948535,0.3019726376298464,190.5623790190319,46844844328.24011,0.6967828047994906,0.29957919789160664,7.53885302239042
UV/Ozone,0.0,0.533109691461876,0.0,194.47720072695458,65036607316.504005,0.0,0.0,3.382984133627482
UV/Ozone,0.0,0.47990502086766396,0.12700320025780912,200.81001929856964,57276889021.67179,0.4656798064225738,0.5549567093684096,11.56691301045031
UV/Ozone,23.390022652169375,0.42782321342309626,0.4685060470968066,197.66058180526502,49041148238.7426,1.7791413257830242,0.9859609768950556,5.202413052640299
UV/Ozone,15.51422644134187,0.0,0.26979390750719556,182.26253965576254,51957260131.979965,0.5352522642258685,0.0,0.0
UV/Ozone,0.0,0.4508757686013144,0.06848190822911024,205.20491722775716,52236207790.955185,0.0,0.0,6.085827406939019
Ozone Bleach,34.546398990126534,0.5723082814056177,0.5360308255972207,148.11125854493758,60524034202.01194,1.8822526467868101,1.5645124544468505,0.0
Ozone Bleach,23.798997082375948,1.154810161173402,0.30929108718119236,139.89257167252407,64350693987.6251,0.8138107061510705,1.0183789104596057,12.63426776699567
Ozone Bleach,21.81240415208646,0.9614078460375176,0.46640101589730065,150.60891641240957,85060366605.91833,1.0309664826038631,0.4438381974046442,10.588066549189442
Ozone Bleach,45.038225122726104,0.8102538146899255,0.4939115641854258,144.9401983211499,71378084085.62985,2.5426485813627515,0.7581787425001147,0.18473311587324304
Ozone Bleach,0.0,0.8399623759440946,0.1768973787270828,156.96471598854583,77297147183.2931,0.0,0.0,10.517530925032974
Ozone Bleach,22.844459466559343,0.4748138816226637,0.11061208222542171,159.03889436553297,45783323040.55797,0.5565784032034028,0.4935174478871072,0.12394812626837926
Ozone Bleach,0.0,1.0194307890477372,0.13990606657685123,143.45972894719296,73249998446.06674,0.0,0.5514802389695606,14.262596336830853
Ozone Bleach,15.282441864378104,1.0154576077019457,0.28297407036479816,134.5047451200516,60302306098.69247,1.2721390208745174,0.8115612983696463,2.7536952815461717
Ozone Bleach,16.14838400239963,0.6554724420698376,0.3568094051110971,161.98585792243713,100246125436.54292,0.9181718777811401,0.19637194176640949,25.312432142844962
Ozone Bleach,19.681491567850266,0.4635071469273619,0.3086075775931262,151.63374418431144,71675564772.22147,0.887377015511061,1.294970912412311,10.084723784037418
Ozone Bleach,13.469141314730857,0.7318002500522179,0.20033216371734036,137.93084252766926,85789001623.53207,0.9619420706052547,0.6185195918981453,18.176790651013672
Ozone Bleach,17.349840572035966,0.43202221826728815,0.3698833719258964,143.65842839299975,61872683361.53135,1.2872523346377067,0.0214802891277206,2.4641418270809368
Ozone Bleach,5.55415181803857,0.887734603906188,0.23155564135299905,146.5783569522625,42325609707.73247,0.4043391355458673,1.9462434359992336,3.2230084127816827
Ozone Bleach,24.396342651896838,0.29463972688955786,0.3643581807708715,153.68188872220114,82348579231.2035,0.8946119152674374,0.17026372566217093,19.93524007118613
Ozone Bleach,21.792249642617183,0.7800814059350636,0.3479018014550108,146.0619604215561,45261625807.50472,1.0431432957233946,0.5442767046051864,9.600099491071246
Ozone Bleach,12.193688918248137,0.9393294439803215,0.3354765137648293,150.5101085501482,48968320529.93107,0.43484159978061687,0.0,0.0
Ozone Bleach,9.81007929885547,0.6978272158367982,0.24021092258048787,146.80322712279244,67330066640.47693,0.4690760827339326,0.43932676761199774,6.4402523691812075
Ozone Bleach,9.603606761244585,0.739326655863294,0.2167206377479449,157.97847052540902,60335435315.55832,0.2116399177936404,1.747478520067269,0.8189907708410954
Ozone Bleach,17.420669355280687,1.1921512343467182,0.3967404793582664,142.8606752271707,67765453787.8253,0.9649309646452865,0.9463336405600995,0.0
Ozone Bleach,0.0,1.1696950663054084,0.22669820494351925,153.62072406065482,37874780127.17555,0.0,1.4581952342709306,0.0
Ozone Bleach,11.904876927847576,0.8723725364959327,0.22665058199435734,169.44804109934134,76478430476.99818,0.49756791275110906,0.0,3.7027608627764934
Ozone Bleach,16.561784759311937,0.22508090000542463,0.2187358002063752,133.55244670630552,84833446972.45096,0.622950411331942,0.8594221045218969,11.664501027483006
Ozone Bleach,8.911032517245818,0.5804625867907203,0.29317494763907415,142.0113178410259,74585887416.38707,0.8171194175193016,0.9781886195420006,14.41945948991247
Ozone Bleach,22.185601073251913,0.8600960669151883,0.36019974227925566,149.37630504443374,86362435258.0399,0.8550032117985449,1.1833471368678745,4.547331051696114
Ozone Bleach,13.55866909535484,0.6764686884659177,0.3813507230299097,153.72277390218005,74351732248.62105,0.9452286500483699,0.3924928448727199,5.696789874353295
Ozone Bleach,0.0,0.5221548275537317,0.0006972038857007701,146.13181359745153,83527542902.44774,0.0,0.21396870049748817,16.904852189256033
Ozone Bleach,8.108761652000272,0.01929730989409259,0.18930535184179367,150.36499652018995,73953126316.73293,0.4241796557882038,0.0,0.0
Ozone Bleach,0.3987021950923313,0.2993913686654794,0.20718617024960098,162.30749501130583,86562036280.23216,0.5545651300904776,0.653087851740301,12.426167146612572
Ozone Bleach,1.9876605426490972,0.8507468951361786,0.16245712149345956,155.15157959164975,42777703837.61972,0.0,0.27897386462822893,0.0
Ozone Bleach,24.04603227582223,0.7547448545977997,0.3799588899084099,153.23842482083217,75742151953.18839,1.3539233878092405,1.6645329456955436,9.533972719014486
Ozone Bleach,9.751095701750511,0.1902203980187681,0.28477413816015457,136.40996628771157,110046750625.4382,0.8562150868585374,0.0,15.624594514055355
Ozone Bleach,3.605820378647087,0.5835995992073288,0.15695772092954796,156.87848595716395,84919049256.22028,0.1431021643852913,1.2097846670097516,8.518761055564127
Ozone Bleach,18.861198519879945,1.1538211380025525,0.365658745302024,157.72873473553045,73095882609.02457,1.027002108895351,1.1129043272462222,9.88663103252643
Ozone Bleach,3.060815126242161,0.35816656058780105,0.13918884291192166,157.9940391508941,85124351982.4071,0.0,1.4453030587404514,7.897334707779705
Ozone Bleach,14.967928470488097,0.57816328275776,0.2904259828031412,135.67483616217658,71876081290.31668,0.6418442714176184,0.0,0.09185358032296609
Ozone Bleach,8.968099175645266,0.8876354433316684,0.15638645174072532,140.22217824671776,84806878026.84702,0.17653226702940017,1.123127130460835,4.871060717973213
Ozone Bleach,19.239701012328204,0.8068586638733947,0.39325003902220823,152.4639581344695,62049695153.04618,0.9650723497720346,1.6654091540899554,0.26386094057101017
Ozone Bleach,25.05456657422201,0.9810322135458829,0.4583997051992826,154.59379830857546,87303678619.06488,1.46157747764348,1.0770077568834946,2.9295594560524965
Ozone Bleach,10.191708455455217,0.38143697217115125,0.17284542281294962,153.61733216287058,58819577662.19308,0.0,0.08319554515472133,7.933682417561287
Ozone Bleach,15.998935929002712,0.19716076316751965,0.2445630524668559,158.29221772579243,72088902067.42332,1.5124032462384185,0.05980662869630241,3.8671576368250085
Ozone Bleach,4.700634502367717,0.8448074731850975,0.26294290494611955,147.30766954092232,108696697050.97438,0.6096213760986846,1.7386898090929621,27.599527210532557
Ozone Bleach,1.9284133946692634,0.8306551787059994,0.08071708552531372,163.21639520188612,87796619855.96446,0.0,0.1737190747847055,10.011349630694639
Ozone Bleach,15.011444631357543,0.7612652264975704,0.3812457002157671,146.052937146636,88895706722.33539,0.626937640289728,0.913858195393906,9.192910394982526
Ozone Bleach,10.204403500149025,0.7250214526334096,0.22438178772580736,140.1247909751853,38268484674.17932,0.7672394441039514,0.5310387973039564,0.0
Ozone Bleach,20.34394212443814,0.5875144112866294,0.3283332373522216,152.64541114243173,64202558757.53347,0.7415287096817219,0.8821649233977604,11.695624717948554
Ozone Bleach,28.725572855790656,0.830587983472555,0.3977339850934527,137.63519381877808,91175021791.23148,1.6175079497250515,1.1118559578308052,19.552605811675733
Ozone Bleach,5.518771174317797,0.31642469052027905,0.11952259112246759,166.57474899979945,48255784394.59448,0.021116461681762816,0.04933902283196227,0.0
Ozone Bleach,26.416230882738095,1.2522051321291123,0.4061634362650754,158.8985399201302,40088520740.61145,1.6109218379917056,1.5833314399887894,2.962308818843932
Ozone Bleach,0.0,1.0352975812856795,0.07573937607685113,145.5029212271842,60972855686.58777,0.0,1.4547579283117622,12.937197010439558
Ozone Bleach,39.79281906664029,1.3047749300787719,0.43917933938125037,161.94081985349968,85657977709.55154,1.62432651687961,2.0674760011515647,8.81588741191049
Megasonic DI,0.0,0.7123518276394117,0.23174904826219403,119.65438389436959,80770576868.81465,0.29074742334218023,1.1653059936451862,8.525152736284934
Megasonic DI,34.03379953465846,0.4861844461493655,0.6076512111539479,101.8818198332963,89073551256.54626,2.5575405092419223,0.9796022872606771,20.7641208620885
Megasonic DI,16.991427551206872,0.7457823460301164,0.4890627206788247,123.47664094142144,88277868653.7649,1.811390030543474,2.692333029613931,15.845424757054838
Megasonic DI,12.154193855958304,0.7071090172070208,0.5726287621571058,123.9722802172374,78738509345.41885,1.4431804437469011,1.5824607891501397,21.03572033374302
Megasonic DI,16.502790998436875,1.1398608196466726,0.5401168495525999,100.17478286771558,47918685713.17743,1.720682276777331,1.2717547728086618,8.968325699225108
Megasonic DI,4.639074909047635,1.1675713224109696,0.3593406975372118,110.1383542945441,62513372044.30714,1.582901480251007,1.5313084182132943,17.049963316509285
Megasonic DI,35.54153536490223,1.0061118043114747,0.7473340549900755,100.89201582955354,89419346422.56795,2.5501882792280157,1.4642647128228787,22.398721222107028
Megasonic DI,14.822968137640022,0.5935344135801282,0.5044540632799774,99.11564669938195,68396218480.49027,1.84548074459671,1.2009625177448022,4.85292876640084
Megasonic DI,27.000269916280484,0.7424678163225644,0.6082234863525272,115.57625302352382,91847138459.48376,1.7965598922566135,2.19267149541799,18.72455699081939
Megasonic DI,17.826400955139846,1.1460179568179385,0.4804845119726803,115.72555529253712,73987549835.43423,2.2567176009941914,0.9745457175784005,10.230843419338685
Megasonic DI,23.01610037009473,0.8571856715546461,0.4380126435580147,104.06289093840554,72652028360.53143,2.0989792544040964,1.400638391029794,5.85504122287211
Megasonic DI,12.440082132072572,1.0334493958812776,0.46644680130057387,97.08761966035642,88933381424.87724,1.9526528598554809,1.475075606512361,11.793609551121946
Megasonic DI,13.843158435416534,1.0033513189944754,0.5340886743409048,99.64604549194132,82790770954.19524,1.9843526180371958,1.1490938225028702,6.8134260343622906
Megasonic DI,18.15817314497566,1.2369480410232565,0.4774491574458649,108.28629878409718,79020412732.02525,1.9284017429115752,2.492309147368996,11.842247366358631
Megasonic DI,37.09542642097197,0.4066617735534827,0.6835036155138665,105.04094603976537,98153071676.12679,2.7927051206063043,0.0,17.280614561915204
Megasonic DI,0.0,1.125060203904799,0.38239186596304076,116.42423158964104,91887510724.57388,1.507856178886283,0.658114601299199,22.333382608471595
Megasonic DI,18.73772808181682,1.27920771975755,0.538355956421823,101.40431811477217,111759281318.5936,1.4770324180378085,0.9442330914071049,25.720502102766122
Megasonic DI,10.326037931101924,1.0927849611405136,0.40824462476700796,94.90675350643149,47724416051.99576,1.4899015670429423,1.1977281817880612,8.22684535309105
Megasonic DI,20.625163497138768,1.0956309853102923,0.4662246556208994,130.43351720224126,69102502518.9524,1.7015661665904815,2.3714427225591335,16.593197374773165
Megasonic DI,0.0,1.2225903383680952,0.24493360748657048,114.68804159582572,89877455795.81464,0.5104019377919148,1.7755577221877312,16.42102092047027
Megasonic DI,38.663823542612434,1.6024195431343684,0.8704360173402721,126.23689103635314,94586191759.61563,3.4750307226526367,2.0628992915350026,7.10321511329248
Megasonic DI,13.921472638526444,1.6204639063423354,0.5086069889404123,119.21346816523341,88281178431.7166,1.975204571766947,1.4827589564902606,14.466279854408837
Megasonic DI,4.919701561086191,1.2856457472009177,0.4678652921801651,101.81895571569976,54132114747.08295,1.8486266763017396,1.491507469954489,5.8891663801359435
Megasonic DI,20.492803313392773,1.066967096620624,0.47178959298286,96.07747768769917,52851338086.140594,2.2580154029740687,0.316510316938549,0.42532403065980695
Megasonic DI,16.73238286365222,1.5895460028977553,0.46399162219313167,95.34224785145665,84726609267.32793,2.219153437031631,1.601552915047235,5.5052790549243955
Megasonic DI,27.245048810441745,1.1720679370084017,0.747802975864617,90.48043116739531,80824001642.62526,2.7895364472922677,1.5316167711215827,16.73020218781229
Megasonic DI,20.83350854760136,1.7831038203187966,0.5979069053033255,113.0427391049875,69931999785.90651,1.841497954245479,2.2087772959561383,16.53131225971881
Megasonic DI,0.0,1.5231013958985038,0.38142235683161896,111.10708585307015,82051911828.68057,0.42995125356171293,2.3370698150713913,13.182749529806486
Megasonic DI,12.282205125168165,1.2027618578399544,0.4863755865960961,119.82994578048897,85181361285.68134,1.7823023457837883,1.0934140400853556,13.992163558272214
Megasonic DI,9.324427903277286,0.8247963048842266,0.39722404438368136,106.8814107000889,91875864032.39626,1.5149429833383155,1.1885332930743169,19.34199171832212
Megasonic DI,18.044527009242447,1.4443579561484419,0.6482999194893446,113.80622349998022,77246777714.97665,2.370245884281928,1.877004786689622,9.991975385710198
Megasonic DI,11.714792660997366,0.9323143089196456,0.48957488260769366,106.49342144540621,79529143646.39223,1.8310444693596295,1.6602658744042447,16.8762886813872
Megasonic DI,12.350828820300983,1.3629680860673554,0.5108089987476865,102.47212820427056,91261230822.75652,2.05279138110882,1.7883139140233768,19.770562854656383
Megasonic DI,20.184824033794463,1.39418718649557,0.5796010370592894,107.14788829417121,72008710396.60565,1.9050884119069995,2.1971173146378904,14.495519906489651
Megasonic DI,28.64812703687105,1.426585584327049,0.45118705021488054,105.37467342847327,58009101666.47222,1.9814514853414162,1.3167728056424388,1.3620481708554468
Megasonic DI,11.506691829205002,1.0903148397114866,0.35558093709578675,112.16046785232096,70461282335.41034,1.5003594871113588,1.199030959866757,5.992431732202796
Megasonic DI,1.9551413754874645,1.5706408655268391,0.450782736950852,125.22758212216043,72593260462.66608,1.866503525159574,1.4984772317573742,3.4019130372256297
Megasonic DI,7.577924439604333,0.500407286074222,0.3517339268811721,102.4549934374355,88037849280.62799,2.0622178270365086,1.2734352581688415,17.538625566864376
Megasonic DI,12.204722640356172,1.3830000505195599,0.5047812348944298,125.8186154163216,55012824136.42248,1.923127120915769,1.6080521291563128,4.948800272922328
Megasonic DI,0.0,1.674664317182015,0.5344149621656399,108.84432911919647,91946960423.15575,2.043607984385331,1.6051394343661791,20.826871987367916
Megasonic DI,0.0,0.7023034619119769,0.27320089765194217,112.04182859210806,104786458331.04166,1.170412829122333,1.1352723940835925,29.08104518353287
Megasonic DI,10.209720095232992,1.1291451928284746,0.5912248675919097,103.51280956672583,89240830802.33801,1.704596001216523,1.076166295903637,23.876155359746424
Megasonic DI,0.0,1.4840950589155166,0.3300670668361288,129.1283228730402,73894452586.05707,0.5935219076742899,1.381220031133031,16.490328530048146
Megasonic DI,18.624600526346036,1.1933336940944872,0.4428025945575782,106.15133126495473,96192904918.3373,1.6871259049157665,1.2942867918790488,29.360305998568908
Megasonic DI,7.728602030814672,1.113331091881395,0.6421014116593494,111.1071512770885,112058379049.75655,2.896766679661875,3.1308089549250426,18.39265769066759
Megasonic DI,21.17388025671616,1.0156670665314849,0.5664073294628869,108.10457763478621,90621650306.95248,2.2114339372833722,1.1003748189974507,18.11535524110174
Megasonic DI,25.562978872373286,1.3815097625498487,0.44238408130824575,104.40852330021637,84429335557.60294,1.694371899448318,1.6123072162599434,8.317586879287745
Megasonic DI,10.587641920145524,1.8061768893606176,0.44213970076690146,127.86989153297445,92818783628.45244,1.7619974258438935,2.2495326316146587,12.722172795874059
Megasonic DI,7.805153338178355,0.9019731965600954,0.455599564229717,114.93268621069384,93188185248.01051,2.1477016926640937,0.4896796016678312,17.9828643402363
Megasonic DI,21.729964848255122,1.2097497896835974,0.5039519823446081,92.66721379384357,80449786330.38327,2.275505108173186,0.5344685016905468,19.045816889540777
Plasma Ashing,22.574206584595522,1.0282072713200192,0.3529655845929312,100.0086641783459,214426130339.56262,1.6158320383300133,1.17149776492288,18.208275620681356
Plasma Ashing,17.007973196576444,1.2442617813549863,0.3312690546072457,106.87758996761247,183698619363.9448,0.870276683424557,2.8946954946940497,15.622330743023982
Plasma Ashing,6.236608606568813,2.040424363246502,0.17640977126220642,90.21293367074091,227635170008.30338,0.05987701094428749,1.2943722504236137,22.511004644967294
Plasma Ashing,52.73274899461236,1.6644538273858203,0.6010584389035224,81.57027326291768,178938236686.4957,1.6011043127232778,3.0828693728709906,18.86862532718646
Plasma Ashing,39.33799247850977,1.5450256133141596,0.393773225342196,98.67644154143876,189168329740.61386,2.703432578025697,2.1411099057168417,12.974161832710216
Plasma Ashing,17.540840101268298,0.9391897637362011,0.28651911085888304,103.89929026432608,192700807979.33588,1.0167188709432746,1.55513261389979,19.757060163456327
Plasma Ashing,30.333814187858707,1.2364495984278037,0.33870856775914204,81.223646664176,209647359119.23254,1.5184859713874421,0.8667019028091716,16.71513482583389
Plasma Ashing,47.50052321328987,1.5085845258689528,0.5940286853640397,91.86724228710118,217809191271.85092,1.8388765534742848,1.1248490379870804,25.108685804870547
Plasma Ashing,8.437713972300081,2.2477091581877544,0.29904171450657857,99.79614001255504,177207582550.39548,0.6609025092268505,3.0076375318385127,7.4332677024451534
Plasma Ashing,38.10588514067688,1.2653205798094302,0.5261874838352308,73.39408991970629,207060344808.21402,2.325460084252519,2.5776662876489764,16.457209865912393
Plasma Ashing,34.7197166688798,1.6659898323590858,0.39845540858524164,108.11475016580957,201793512599.24976,1.6954266779968479,1.6832685993072285,9.2267249163993
Plasma Ashing,43.6144745380697,1.0928610031879646,0.6010043418568352,80.34822712269582,189106095094.8375,2.416425815811242,1.1108599580306935,13.355720888081766
Plasma Ashing,24.60745470299421,1.6429184650045239,0.3650115181195221,101.43717693758805,200963114716.6366,1.7033982200936186,2.293368766705571,12.090223238672513
Plasma Ashing,8.078844090322878,1.3052910081232163,0.2731370144881517,102.43966950687614,194487330423.2707,0.14244940551205787,3.0605689449721196,19.135592655939814
Plasma Ashing,41.81721724304747,1.7491130372200034,0.3793662406907946,79.84684753375056,195371660363.04047,2.181640948236887,1.667821208131245,7.54333304380496
Plasma Ashing,32.9416386554567,1.665202854523495,0.4398786758037262,95.85063737051404,220862786011.905,2.0129204585482303,1.475097852794819,20.456113019552298
Plasma Ashing,31.01811323779696,1.854255561959012,0.45306942158814806,101.10761770416671,192856759201.3255,1.8200409301678167,1.7459012071636266,9.944545877319154
Plasma Ashing,37.6874748485018,0.6557529650382269,0.5087308658325242,84.82669104038726,199727648943.05112,1.59618738295154,0.7864131193060176,23.677762758365205
Plasma Ashing,38.61133616265319,1.757710794074804,0.48406160350300315,75.15258950476041,217675518932.98132,2.204705703390572,1.7306735189802358,27.888478594767037
Plasma Ashing,31.080282025406973,1.3463076034566615,0.48023386224908565,104.05595218229078,211558209710.7047,1.000898552554464,1.1680072533122443,18.672552155510846
Plasma Ashing,30.47909091667176,1.147324078530456,0.35941137254298294,89.35363206163534,181622049500.50122,1.1316837039986087,1.0516391191271066,19.577853846907107
Plasma Ashing,30.678422132111198,1.2969987722765168,0.41102059429606436,91.66178504658068,226574493292.19882,1.0733556189015219,1.7738342878552373,24.311248452705883
Plasma Ashing,44.980536012845704,2.353758070465907,0.46221155015846777,87.54345647372408,192688576800.47433,2.638347578459753,3.2978061064929904,16.43860360341993
Plasma Ashing,40.834752645897744,1.7013735752124668,0.5172501191915126,110.4163980609018,202060506280.17444,2.126164836179333,3.397905195749334,23.921789493658668
Plasma Ashing,34.18579705486822,1.4268368789379489,0.3025004505318679,100.54667502444399,216963399014.9796,1.7942000751480984,1.4708827711429824,25.19224439869491
Plasma Ashing,45.10667178709708,1.5522184377503492,0.40988439046546477,70.15064181764949,188627590792.65387,2.1908232764715954,2.1798269884973833,7.560982856291513
Plasma Ashing,41.348592639491315,2.524015180350798,0.6564605372767426,94.37337389392047,211765623723.44086,1.9195342528467405,3.418846680256065,17.429640381620704
Plasma Ashing,25.665558118945437,2.1721908610511176,0.3366311599457627,110.62858694780364,204049064366.50967,1.6531742244376195,3.2299221911674922,9.006912197306146
Plasma Ashing,20.278291735137422,1.2411190620468784,0.4022447361542786,77.45638511746363,213578672284.34625,1.1709675425481962,2.0163053609078085,30.224355052313253
Plasma Ashing,44.68601569437164,1.3711788845195487,0.587620878799107,88.80358413725696,220089471148.43463,2.14480575663691,1.1387184993229669,23.86690741806701
Plasma Ashing,23.43644420894279,1.8127276154149994,0.42709866680776204,94.6108827119663,177141601299.49335,1.2536733177085795,1.9919776190056941,7.151307949966237
Plasma Ashing,39.911471753248385,1.263939358218075,0.5391817975320802,96.2005414795705,189690374179.66116,2.0528750747272,1.951482957443861,17.69680823269735
Plasma Ashing,25.859695460190693,1.3044421406424564,0.49588782904321344,89.66963996639464,194635647927.95438,1.1550523221241953,2.4521652594781043,11.14960025281346
Plasma Ashing,36.77481956784792,2.1378846962728804,0.40505297764817316,78.95671220890537,195582760259.12042,1.676950407869148,2.8237765341214867,9.938354395817285
Plasma Ashing,20.27546484265313,1.1083934206861528,0.3433310963500007,79.84931196427533,200049004257.50824,1.031426741224858,1.6521523492662797,19.504363385040424
Plasma Ashing,31.981428076087525,1.7594504333866268,0.40353154875970276,88.12456745035395,190837764093.35724,1.2893594117558342,1.8940023227453964,6.805801971790332
Plasma Ashing,30.646090075351374,1.6450592948231166,0.35803813793339306,81.7268401257599,207331242440.46082,1.2197371892791469,2.074359908336049,8.085588430613551
Plasma Ashing,45.5920577234273,1.7830666016253494,0.5304592030359491,96.96340195740818,206508048291.39084,1.5515382531526145,1.6546856374415193,25.91513447168623
Plasma Ashing,22.216583116989497,1.7896399433050878,0.3060021081612957,85.37188657461756,216848298449.39627,0.9196879728396603,2.238213696535369,32.619546629717966
Plasma Ashing,11.572582235108555,2.0242953777750854,0.24173872886983344,104.60064537672476,189668370965.2714,0.5270999757772293,2.523916139983203,19.541263806256044
Plasma Ashing,37.37599810849107,1.8438433374396448,0.41638403934649754,100.17094345488623,224057217650.88425,1.54210340624116,2.618422637904612,32.16470341345915
Plasma Ashing,39.76376768928568,1.6265444486790988,0.4489469267734492,91.68133165922406,239433155159.00494,2.353358439583906,1.9032055534947419,31.650207533605588
Plasma Ashing,1.405821490876459,1.2677853084688624,0.228543187013317,81.76708341844663,203633281881.8441,0.2723629731870712,1.44005139654995,28.71657699924353
Plasma Ashing,36.88909360518711,1.261480207317212,0.4504998719102459,84.95682050926526,216271259461.32324,1.8409877020516863,2.2285824276424044,22.74377854509636
Plasma Ashing,37.83751535853736,1.8615105419875133,0.48418033245361713,83.84113132002321,206712687967.07477,1.548157836998567,1.8297753582899166,11.563906473809485
Plasma Ashing,34.465058079069465,0.9919313862007431,0.4334667123191041,85.8599163993861,214185839853.03943,1.8826403217448824,0.7607492373071818,25.874626943000017
Plasma Ashing,31.904085458753492,1.4651491451285126,0.3861839808235218,112.03485132661442,190534121534.8973,1.6798116724031702,1.8468840722474151,27.635467784937795
Plasma Ashing,52.562323083536704,1.860117024068424,0.6291879175624928,105.59397973617138,190195807300.91333,2.8816828650940636,2.761441102230747,15.92883601747237
Plasma Ashing,33.521114437654994,0.7037790988273884,0.37735622393426344,93.09025212019526,195497608455.0228,1.1688752011788286,0.24349259523408917,24.408307038864116
Plasma Ashing,40.9424500617549,1.5255103698337098,0.533637136794726,99.55718709539467,178485213743.3637,2.8545189541376788,2.953713929296241,18.248530013666866
SC-1,0.0,1.4319079127104155,0.09999453602015002,111.22615483493901,107424636036.32576,0.0,1.86697123664279,10.027717613474096
SC-1,19.67436457680771,0.0,0.28932892327429843,96.21621428498733,139087641315.3105,0.8304781467239133,0.0,13.940075509711962
SC-1,35.57622322227932,1.1468164861251704,0.46964336148163216,88.40022687941016,102683457001.80426,1.816170464665858,1.9792090975183247,8.905760235054828
SC-1,15.28390136274096,1.3918287349890186,0.24841701872598682,93.03412561716861,126552888338.43703,0.7150509098103642,1.5475299800768212,8.877722630738969
SC-1,15.113735911126343,1.1329781916439974,0.3293132411270501,95.40904772202539,122973031840.61942,1.3020830082475874,0.44763017569154884,25.526689200819973
SC-1,20.117716975541963,1.499903472340193,0.27390698496102,91.78828485190017,98901234165.26236,1.0151202682163305,1.4362955931309784,11.160418002536742
SC-1,0.4744264404143985,1.2153135978327583,0.2522552030790308,105.86896625448267,108453946439.85464,0.4805550912561026,1.351995538912591,10.079732574712722
SC-1,8.145402150874043,1.5048818705321372,0.24086323747419452,101.1694934463066,95383887915.8458,0.48923144034291277,0.8374383722871795,5.283112223094189
SC-1,36.88363866014163,0.35120012938083506,0.4732518998897179,96.65111868116382,80419673813.8658,1.2983050897074335,0.09584552238903282,0.0
SC-1,0.0,1.0106766952538544,0.20560153340278145,98.82146236143089,106230565640.26942,0.5503368443789619,1.8370154713630762,13.401983514247734
SC-1,24.33179741692991,1.8185172614336076,0.4184151129641161,89.76020306545671,115299344169.43896,1.108044373124275,0.68162263031911,6.879590631212126
SC-1,7.503288444879107,1.297764536668054,0.2609197183726041,77.464178853818,120189401736.98665,0.9758527897032153,0.9116558629347699,6.262080735686893
SC-1,31.54927301176222,1.2883360418465162,0.31578356481696984,90.64410651277072,119067041933.79347,1.3372071183630376,1.3268584040684972,8.591535203687634
SC-1,6.557108722608476,1.2497641089236913,0.2624973665410121,96.02245105238647,111889903405.27502,0.45749124484434717,0.520570293906207,7.289955855718617
SC-1,18.764161029452204,0.2145598837051483,0.4013864217333046,102.13521097920547,95903694285.76468,1.2136513212028415,0.24223842639122592,6.6707312677085095
SC-1,6.144386361509751,0.38011499896792633,0.07750486676608839,87.18410152070395,114160545044.28584,0.2010237118644445,1.0443630884894324,7.6949123497217
SC-1,11.282073674998607,0.7641074707637268,0.1625717038266598,109.75910768190187,126403258574.68593,0.5121873097160536,0.2617620544789677,16.00220072172503
SC-1,15.200225523051618,1.176907884643242,0.29476113146368726,93.4596062166747,135791821011.7663,1.747420239973812,1.4834403913290828,6.6766185049896665
SC-1,7.579269438216024,1.2233463868517,0.17742164593485932,96.89461350035361,106539517263.79434,0.9611495373698495,2.1161466676939202,22.065294118678892
SC-1,27.3709986770766,0.8388294348402225,0.546202415213924,87.16177814969109,130217363301.80278,2.5484971989517513,0.35606999648492915,17.47447764092573
SC-1,18.647204106100332,0.9819442205653716,0.3410618750410378,92.22079587443552,110415330211.84366,1.2317550489382663,0.5182857595711959,10.477157518722278
SC-1,4.0510858428564,0.6460766970130196,0.2641720708840136,83.63192365777023,134564007766.1906,0.5776150159587422,1.2441333127515377,12.20477573477778
SC-1,26.157995265253955,1.3727733661165609,0.3766823973606052,78.96120771323694,89103888996.87505,1.415099367758545,1.7335294319597647,5.69676134015519
SC-1,28.037845767131365,0.9606151637363447,0.3599018259496391,80.4117408577517,112615268786.18675,1.783599388690066,0.2950610040206443,11.821372684594381
SC-1,40.603221780672406,1.0889486837341558,0.5241493063831564,93.52354950448071,112626688667.22893,2.2518148846929225,0.3877861390831333,6.461894192686092
SC-1,14.727529849143147,0.7954809984722939,0.1874998893046435,87.95800495326735,84631535244.60077,0.8672018598769511,1.8007599120544833,0.5427235894749476
SC-1,24.496749764527326,0.8016037745306279,0.3397355220419015,101.52256211430812,107511950985.41023,0.8447354291002295,0.0,13.343090389183466
SC-1,23.149722007768716,1.331689394442719,0.384156660799867,103.65195564545049,93619338851.09888,0.9358980162727251,1.7210065485524657,13.299895049579256
SC-1,17.282206264598443,1.740907316635112,0.34612352190981827,93.44203109673904,117235300944.9024,0.5812567662361472,2.0437906060169952,7.221986151300246
SC-1,20.49248243991543,1.1255605573465348,0.42846656546722134,93.36416041369353,107048307081.85324,1.8255370805171414,0.7617051826885209,10.231802990977279
SC-1,0.0,0.6653741778882291,0.15225593289011163,87.07345876742659,118721705805.32887,0.0,1.1590666700467769,16.467230406396872
SC-1,24.115913140149225,0.8427391672412503,0.4722102359393051,105.13923908979075,113706729425.71492,1.0441081235419274,1.0906503173049533,0.0
SC-1,25.24227560276521,0.9177987274825324,0.39503845545921534,108.08347396689983,122702153681.67595,1.3620040441683432,1.3610214072182005,11.909740776204156
SC-1,14.780689528054545,0.9873857491603777,0.41502001721801685,104.85512084969562,125985346239.68874,1.326950900170082,1.7157034741209847,21.041362634402876
SC-1,13.21647112431819,1.5985532250436398,0.18797451386052438,104.26798704151592,118316286956.81407,0.6158272681811245,1.7709924185099009,11.36554285203151
SC-1,4.027342843585206,1.2795445750491565,0.2682708109313668,91.05500113716627,104304055769.32951,0.2899885725843072,1.243491451368784,19.379822813083788
SC-1,22.98009976613801,0.8489478025635432,0.30679839852408963,88.86325067745854,106910167081.49612,1.3130919913473318,0.11303956854108987,2.023774129234037
SC-1,31.250182963437346,1.6708510149312055,0.41063691280939296,100.97155339525077,100481754259.36185,2.4464241328261243,2.3504322097657133,14.222308499459572
SC-1,15.872235187718593,1.6016307877896452,0.28754165084784244,81.26825414195692,117131096673.85886,0.6728396678129496,1.4893932386667976,10.095264273119717
SC-1,30.307687355768024,1.674206176119575,0.3865936287603437,107.19389838627421,150942889407.52505,1.022471222608822,2.1171628933563933,27.237180874060943
SC-1,17.636768927456682,0.9982437786524953,0.30946085875859,95.72708997814004,99440235807.57742,1.166133036636059,1.5073026158674019,2.04144357707327
SC-1,25.564708814082763,1.0670207437682664,0.3336155432039831,99.28356706214751,106728379461.45859,1.9897572620055823,1.2605458491671955,0.0
SC-1,37.227349413464054,1.8462367534223736,0.48186887377719656,97.08849788291292,110480761143.74693,1.7559425530387414,2.1048277593110414,14.718788108066178
SC-1,20.09131293720816,1.2708121006295356,0.3893539166805331,104.82609243828601,109502262922.20625,1.1078898090750087,2.4212086894512352,8.37918724063201
SC-1,25.49923887281936,1.2283868719932256,0.370023325476274,100.47465264360473,97602173649.08836,1.8132661481155328,1.2524812851115172,10.80258146437495
SC-1,32.04844089749805,1.030515259930015,0.354849831731167,91.52229928702496,102321255415.151,1.4859491569644208,0.9595471885136487,14.21996787181141
SC-1,18.2269628539785,0.8911302297379866,0.2575468471097678,99.17889300572759,126190190279.09203,0.8554565607286702,0.925885261227023,15.073165012112188
SC-1,18.774166548361208,0.8660056097924284,0.15944320213880214,93.5986678387146,136658021476.2817,0.7963428350385193,0.5356043885923714,19.252349576302603
SC-1,11.195393691897067,1.3971569916159172,0.2707062739837951,96.81488244333367,110709942539.86797,0.9434737688536847,1.1441892403735596,3.3548541871806976
SC-1,16.33931026185881,1.656751991894803,0.3065989310237914,99.72867923048511,105327838247.06114,1.2009682613012607,1.778946082387645,0.0
SC-2,31.79787695663173,1.4406691797846611,0.5199511042972124,111.96778258221012,146059212104.78073,1.8299097223765581,0.7472331859987238,25.16041286700962
SC-2,30.944760703385754,0.7027820404194358,0.3507205927027772,99.83440732021538,148950298765.01236,1.5961269858693363,0.19774556749645925,14.412382360017757
SC-2,19.01557358140218,1.218955734655155,0.2711606900184837,105.2815006862242,131669709663.87375,0.6529270397774787,0.86352508061498,26.25948895940887
SC-2,7.127139699870189,1.0878220728543067,0.23675377459381164,98.96082698690353,142008322339.9435,0.6248045339494467,2.2650117703474217,4.634573224959577
SC-2,25.573622986401475,1.245911459315755,0.4581404983612957,108.75047958677871,139538507582.79755,1.34390073095061,1.4914192764016585,11.828124215143184
SC-2,28.133588104204946,1.0843602931689846,0.46484135713553065,125.69747374014472,157428157091.3498,1.9510992955245081,1.999878594050125,30.577361988828514
SC-2,13.066622851743206,0.9952347517362645,0.22112964283104267,106.72257005896391,121462541781.24924,0.5806392021826228,0.6091337437763298,9.110616727124764
SC-2,36.62707421538391,2.0329282269716185,0.6278730426665304,112.92972953438922,127979908921.76163,2.249984858343872,1.8139404709967963,10.444233505669139
SC-2,31.86769478831757,1.6582102213834813,0.4245102404473543,101.22403034286762,99919381039.83359,1.7085643209496881,1.4556262674753586,12.578142792874228
SC-2,34.465590746755915,1.3135613073588597,0.43404755564800396,116.49140780568032,116095983476.4417,1.882023290328481,1.8446706035338547,2.8618396351729807
SC-2,30.035175444255607,1.2043191494569818,0.415656448802677,115.9990149663757,148353640916.957,1.5155446077361059,0.5933930851695568,26.68032983722773
SC-2,9.373235120589406,0.9757959294539125,0.2278826635134695,106.87352848224577,155308063102.25623,0.7425731638926635,1.2091869486420224,14.110849133403939
SC-2,23.395802663207494,1.163644775335167,0.32390766660165043,111.09653114108619,124271655033.51276,1.5628861571553647,1.2747601937094126,7.952214874913716
SC-2,31.062064614742567,0.7187807015642623,0.4484182257266564,104.54266088801981,133071878378.87083,1.9907088444209624,0.0,6.853136819627456
SC-2,0.0,1.2153853198286146,0.16874275258320212,128.3054336191712,127089777958.35298,0.5944696277403164,1.1199438692625394,0.0
SC-2,29.518952533221473,2.014131340878871,0.31468287928051764,104.86011020717966,135983329057.1635,1.4153956337914857,2.502603546311171,20.340108755249585
SC-2,23.795499250517466,1.525656505590663,0.294196316296785,102.75067194606872,156893866188.59842,1.6504703091302317,1.4383100049888888,26.402009739206594
SC-2,9.313746686529875,0.6899031829835429,0.2004815769539894,103.52296633085128,128937648305.60638,0.14178524336884485,0.30782516858931497,14.944226087062958
SC-2,33.31231161435663,0.7672431752231808,0.35005142012578055,101.71883136474685,111597312520.4126,1.4685623512497896,1.1321304409673068,9.82934350783663
SC-2,21.516900706692887,0.48598181663104467,0.2760126922570705,100.22028621028441,146459688183.24582,0.7767992762247813,0.0,15.204771137618193
SC-2,11.617633657398219,0.7973832796178949,0.21449703366552358,99.29646647330048,98861809071.91917,1.471522265916322,0.5969209735856429,0.8993852906154509
SC-2,11.069306716070571,0.7077509823480912,0.18474098577459647,106.80005092356873,137886191222.34528,0.8666284243954839,0.47154352193577753,7.706213055215217
SC-2,36.26668981310704,1.2883092347405725,0.4112729893335189,99.8995145605738,138152354059.1612,1.7230787707148316,1.3462327521709399,3.2530800864539184
SC-2,31.60551082567804,1.0913467895877305,0.4875242374012645,108.53355046112483,122188647404.78857,1.6176522790493173,1.7940515670698756,21.873370921448057
SC-2,10.240252149512276,0.8881558300728238,0.25459970144702404,100.95943152632353,108591980140.66537,0.08557648594397493,0.0,17.13958206008154
SC-2,26.255253456122247,1.562628463221751,0.428111300287235,109.69518471671346,143374540340.234,1.3421611989539248,1.1578104392269375,21.30727775711808
SC-2,32.20686070085756,1.9611252693944428,0.4199926379839106,109.14718104915471,93699326371.22894,1.6882945631134363,1.6784018776823355,3.3656205281391762
SC-2,10.368482586866797,1.163912198042581,0.28301192103991313,96.23644159894437,125939362497.56183,1.1653003396360195,2.063036670371345,10.92296690673835
SC-2,21.464611384207,1.6779243177992362,0.3773685477146544,85.3670715197752,128331188572.82083,1.2401665238993471,1.7538273539878513,11.05988359833658
SC-2,35.614646905037425,1.0730775313226895,0.436351733889132,117.13412887263476,113888066532.09312,2.07133030580696,0.832013177495701,8.44360460135537
SC-2,16.88809554651811,0.8365176404487442,0.4048668113707453,101.75866230668544,145572628262.2619,1.6453565348576786,0.9678223272248011,9.373445644433566
SC-2,20.432030948764194,1.383170295745212,0.2614044514199839,92.81379362225081,131848704813.31354,0.6900588346223224,1.7571867115673176,23.18327023505462
SC-2,6.88443353422945,0.9586330377600801,0.16308855636999944,115.12436883716752,138123726640.424,0.31047208156684314,1.298288392148604,2.601085061169622
SC-2,0.0,1.6122062577447833,0.04667406704906648,98.33445963918409,100980719047.2721,0.0,1.4168444488263823,2.713423418606727
SC-2,30.29441706183529,0.9266546622515985,0.4309058260133881,91.3326292780782,123094538123.32169,1.6742532168688897,0.48355871634751124,0.7929157641240927
SC-2,16.06068287704468,1.036105959994729,0.2602812951104443,107.22528330177596,121251047590.26892,1.177309860374145,0.9326857160521905,9.597830348019498
SC-2,18.330659203435758,1.8392600198927087,0.29835847577000524,110.89501475803591,130251389376.37569,1.4010785886450017,0.0,11.183918280795776
SC-2,21.16136745718572,1.3681088485729618,0.33235820214957246,94.47640082010851,154042538976.30988,1.1472755725075656,0.8366797445428742,21.904880373651952
SC-2,16.147074461472474,1.9585158302058419,0.3909615249040427,108.36760681503402,131304974660.43718,1.6163335847914162,2.5540037049374833,11.858869290138266
SC-2,0.0,1.1836922716727074,0.06452591331943805,95.39471972742598,122676392725.2558,0.0,1.4284518329172382,19.411797778534343
SC-2,21.167621840212338,1.1653906487653356,0.3207117175775306,101.75457814904289,108408012422.36125,1.1494556434564955,1.83883396033671,1.3829784633107907
SC-2,8.738976525584677,1.4361006013026194,0.303942318236934,92.00775078775975,149755196776.40848,0.5713307333674413,0.9262115220445821,17.385742633282682
SC-2,15.830786147524293,1.9451068106742393,0.34472534989970655,112.91267175906614,111185418296.37343,1.5971139340536822,3.0770322218239445,3.0499108225020777
SC-2,7.559313014964093,0.9826129076556616,0.3008572092467441,122.3201836351543,131290692083.71562,1.7241756651446045,1.080806880755563,6.384691727837854
SC-2,38.567340204090954,0.9932586431601825,0.524551963628085,107.0375192975682,137504059970.15347,2.9710711656322544,0.309251133540073,17.671925140381802
SC-2,28.12091076116853,1.7942106141661096,0.33751951472363556,102.8028391047257,139696123317.07202,1.9326591192603957,1.8563639901913618,13.304179329475762
SC-2,28.409685441610883,1.2990490247337354,0.33557990648640973,114.5887126203533,114863153583.08408,0.9777767111970438,0.16315041178426704,4.955326284658327
SC-2,0.06930714410124295,1.5148756583010698,0.14986902837503963,105.63166533325881,115210782022.13866,0.07643010667594002,1.9301720537036513,1.9528198472175475
SC-2,34.79526102005556,1.056525180544937,0.42590057944708937,99.98093961276977,121490637700.91855,1.2598197702186937,0.4776804241219831,21.889396678900056
SC-2,23.271104611719775,1.760803803201173,0.31254373057312623,115.03831906068919,109216772151.46707,1.4825357968347392,2.4836427755443364,0.0
HF Clean,48.6718569870005,2.4745972710769566,0.44849841025951986,64.07052695713962,388171676099.5113,2.9686834597202103,5.813332680052854,27.003675805456282
HF Clean,43.003314189275564,1.2917340299760776,0.4795855771856976,72.13636658418986,404400363212.745,2.1951399869962924,5.241271298408412,22.182471637261152
HF Clean,65.60711771411198,1.3172199975375947,0.6909784497247984,92.48556642030881,416108051382.15753,3.19561552748585,4.90347147874435,43.92851871297174
HF Clean,49.5749280944334,1.6685526774848218,0.4754333325363861,77.243171676415,385523593499.05225,2.3328254060857048,4.867409847766676,27.923481940488788
HF Clean,62.44867378392524,1.9429466334650471,0.7263062871074714,64.5322632113867,402516536078.27014,3.326754560382066,4.996716086773292,27.184253901085437
HF Clean,47.81548286045819,1.7939100986008871,0.6023263687872175,73.8410169958518,407486058615.7434,2.462647507651902,4.129607423720326,31.336129726399058
HF Clean,61.90281377637871,1.8650066894461166,0.6146451008743186,69.32524458264366,400777307595.3673,2.4137004493922745,4.163626899380363,29.90712933553127
HF Clean,48.660596565257194,1.4652648843031102,0.48339144611812024,70.60611932767607,395483455465.66614,2.959666388078396,4.676779626572019,23.977122499987203
HF Clean,70.76320242150514,1.544728709269667,0.8735770687001073,69.02594364782983,409298413513.1762,3.8745935313530544,4.909051703045509,33.53351108812629
HF Clean,42.88602340921474,1.6339144106710504,0.6384612833877408,64.11160917955182,386130446628.6135,1.685641380511524,5.076517071011589,20.61754962654757
HF Clean,61.74367574006273,1.4692295925138275,0.8618243217194927,76.99638321166582,393370633674.3553,3.4313538777275956,4.792702720010911,13.34564327445959
HF Clean,66.59742780370321,1.7950709614248517,0.6826358664701263,84.85871632371338,423527693990.5487,2.8015458990908693,4.419061540193099,33.11506246994216
HF Clean,44.072939739162116,1.547036266204235,0.5220653183004517,87.76774559507537,399624958695.27136,2.2895281289206,5.026703538174887,16.28543531416935
HF Clean,47.247578838760006,1.8205339681390502,0.6280786584349549,67.27980050884861,390748410807.79675,2.120167698591895,5.960988416900596,21.621638890837538
HF Clean,54.07964144516168,1.9692942996874985,0.6331210947354263,79.33980655111162,387129528506.6786,2.589953082090061,4.90717155838281,23.941976711336206
HF Clean,54.14453226070418,2.4378707363139043,0.5443396804621354,54.022580260767654,420570179021.43396,2.4000659787583256,4.784500007046144,32.25134951790963
HF Clean,48.751239314674926,2.100615210576899,0.5382928188836014,77.50162708875226,381307760869.1717,2.063299244442251,6.706356105430149,27.340793397524543
HF Clean,41.381042174097175,2.368220887938309,0.597634144466029,72.74131999923264,429614389594.0748,2.061662751194007,6.592815935948152,34.63179804768289
HF Clean,49.088589101997805,2.0498759570815377,0.48348147644938144,63.84523629751683,394488290620.74475,1.954902936995047,6.437919635304201,37.10868986681362
HF Clean,63.132564227795704,1.3427449728203933,0.731167374906907,82.86363666938209,395464701722.33417,3.0111929054904656,4.602142496279054,22.783801811043556
HF Clean,52.8430449603802,1.49990667553709,0.6618634351834689,65.05149162658688,402738884635.7976,2.706374668445067,5.011658979351527,27.97775870913779
HF Clean,26.538073839675405,1.512899378176176,0.33818022411462884,64.09145138183865,421367299888.8472,1.0953544335302718,4.835131252142635,34.226506765677314
HF Clean,40.73451210805145,2.643241996571628,0.6460067747750889,64.81913454899866,399300869428.21735,2.8055459710957997,6.354934435787568,23.35807297191001
HF Clean,52.38190291809791,1.8204524231767296,0.6672004869502828,78.49462465164088,408346525825.66376,2.381262496197305,5.799362945727049,28.17758601328149
HF Clean,46.51717915493149,1.7585994487415961,0.5609596836105879,82.9022433871847,403845851691.6017,2.9526935353710475,5.491312429585387,30.6984588004027
HF Clean,30.408489928000535,1.8236064678254433,0.46652803236478235,56.03523113363177,380268575261.8138,2.0143775892515303,4.145754300308189,20.863551727012855
HF Clean,72.35940429141797,1.5723036395434384,0.7841421127653574,76.53567648135923,405106643114.80084,3.407793392472269,3.741903343821435,21.649995834166585
HF Clean,40.96306368451848,1.9879728803186987,0.48978592176513314,71.2607789886616,392818386688.8921,2.4603773420597865,5.111472788155049,17.989463455623593
HF Clean,38.22743343824805,1.7235211993352284,0.49029868653325337,68.28852613236006,390284138549.1677,2.55956928928812,3.481788959352607,27.668013829291702
HF Clean,34.9192957048067,2.260587796172061,0.6002542152297139,67.19521243024836,394792006647.68823,2.177080160189044,5.910318366156079,27.95124265090777
HF Clean,41.69783651375666,1.3488804738135711,0.5001610340964937,90.2290977197541,388723361014.42145,2.0316996967782535,4.749967984941198,33.104625643589806
HF Clean,41.423477012084405,2.4878728112298156,0.45967109843368986,70.2613465770256,397315749610.9261,1.4358532342148465,5.559920751973109,33.889503397555735
HF Clean,35.026997485260864,1.228793540206787,0.5029151050916422,76.5294614108212,412882139041.95264,2.212914574573822,5.18764615802297,32.36174961313918
HF Clean,51.12586971200757,1.5890879595370329,0.5746211407823452,65.18714441713925,407286704391.79596,2.934423564072814,5.072038217510268,41.08620410058365
HF Clean,48.01045909480967,1.8863291407752376,0.41386222060192657,74.4031955089431,387052043188.73474,2.2040890768880654,4.662248827624722,19.97177755064455
HF Clean,41.75968836347655,2.2166384157377363,0.4236962536141584,69.21673504271703,412066850893.9479,1.935209177863509,4.363538584099562,28.64006709840983
HF Clean,53.52216709050713,1.4720248430795442,0.5898704359519354,88.14721786122749,403744001334.9576,2.3182487600975215,4.528539032975802,23.56420016332023
HF Clean,58.96580768666371,1.9049388669683425,0.6273194322959036,57.600218228200774,375721272282.1986,3.0105525888461546,4.318243871844034,33.70354048854824
HF Clean,65.43467381424189,2.285414724303399,0.8181331023976002,84.07961961987613,392920355149.0855,2.954254527272763,5.803700950542714,33.57690193206458
HF Clean,56.28996763547212,2.0696733278458868,0.7122183401070449,79.26069195783607,418097285520.42896,2.7735074070300514,4.830136215309521,41.96485553334181
HF Clean,63.1112368847302,2.419646738860491,0.7742324047505463,67.7097001712721,412622182656.70294,2.991159681140852,6.195574672877023,32.08107420853376
HF Clean,48.83915426801094,2.858683730639138,0.5396265953461616,61.992802862636836,388112953423.0561,2.6898469014827553,5.770162358978364,25.080084001334008
HF Clean,51.3629244517409,1.9725355920177186,0.42681450404029525,66.92941724541976,415654621038.10254,2.4884559562302186,5.407561068227878,39.82423270951636
HF Clean,58.896583842959416,1.6973617782062287,0.6384941683053011,67.43481805751553,409110094090.26764,2.4806988013456275,4.6980553558440805,33.920903005191974
HF Clean,40.58773107532077,1.9956567611705756,0.4842665868909415,83.10836980344654,405841463049.5959,2.4561983764823,4.960265137884509,32.899705669242
HF Clean,33.54965234183532,1.99736717458917,0.47672646607409935,71.65193576370002,408996412485.16516,1.4913648222265787,4.923679626661541,43.57393382350341
HF Clean,50.013074271491995,1.5461897436265883,0.6466570151358199,49.63639254387306,420505421787.81195,2.302608963627805,3.554331173496987,38.74775795119142
HF Clean,48.954009560537955,2.386714704409624,0.5552955083447761,62.8341729062452,396141483023.2019,2.8946616724279863,6.319116906976554,31.54598827071232
HF Clean,38.49168978944183,1.5787227949428584,0.5427992241970847,59.79701607772808,399443390383.5787,2.5691974284956,5.739919187215893,25.185982436916998
HF Clean,34.98369316750501,1.668210237435079,0.5138744359148304,86.53129841035194,390977783319.58057,2.0930579307924506,5.869895736184211,24.819290747599904
